<?xml version="1.0" encoding="utf-8"?>
<root>
<!--
| 主設定
  col:橫向幾個 (col <= 7)
  row: 縱向幾個 (row <= 6)
  total: 全部幾步(超過時會自動修正)
  first_x: 第一個的 x 座標(以畫素為單位,左上角為 0 )
  first_y: 第一個的 y 座標(以畫素為單位,左上角為 0 )
  title: 標題
-->
<settings col="7" />
<settings row="6" />
<settings total="22" />
<settings first_x="40" />
<settings first_y="20" />
<settings title="聽力大考驗" />
<!--
| 每一步的設定
  id:	第幾步(由 1 開始)
  type: 名稱要與問答題庫對應到(空字串代表為一般格子，沒有問答題)
  text: 格子中要顯示的文字(最多兩個中文字)
  font: 文字的字型大小 ( blocks中的為預設值,block中的則為個別設定)
-->
<blocks font="48">
	<block id="1" type="start" text="開始" />
	<block id="3" type="fate" text="！" />
	<block id="5" type="sound" text="？" />
	<block id="6" type="special" text="★" />	
	<block id="7" type="sound" text="？" />
	<block id="9" type="fate" text="！" />
	<block id="10" type="sound" text="？" />
	<block id="12" type="" text="加油" />
	<block id="13" type="fate" text="！" />
	<block id="14" type="special" text="★" />		
	<block id="15" type="sound" text="？" />
	<block id="17" type="fate" text="！" />
	<block id="18" type="" text="Stop" font="36" />
	<block id="19" type="sound" text="？" />
	<block id="20" type="special" text="★" />		
	<block id="21" type="fate" text="！" />
</blocks>
<!--
| 問答的設定
  tag 的名稱如果是 xxx 必須對應到 block 中的 type="xxxx"	
  title:		問答對話框上方的標題字
  text:		問答的題目(說明文字)
  step:		可前進幾格(正:前進, 負:後退)
  options:	可供選擇的答案(以逗號分隔每個選項,建議不要超過4個)
  answer: 	標準解答的編號(由 1 開始)
	
  如果沒有 options 和 answer ：
		類似命運，只顯示對話，使用者不需要回答問題
		
  特別用法，加圖片的語法：
		題目：在 text 中使用逗號分隔，逗號左側為文字，右側為圖片路徑
		選項：在 options 中使用分號(分隔選項)及逗號(分隔文字、圖片)
  特別用法，加聲音的語法：
		在圖片語法後面再加一個逗號以後，加上聲音檔(.mp3)的路徑
		只有文字：		xxx
		文字+圖片: 		xxx,xxx.jpg
		文字+聲音: 		xxx,,xxx.mp3
		文字+圖片+聲音: xxx,xxx.jpg,xxx.mp3
-->
<special title="特別題:圖形題">
	<item text="右圖是什麼動物？,images/frog.jpg" step="3" options="熊,青蛙,河馬,長頸鹿" answer="2" />
	<item text="這個遊戲的作者是甲、乙、丙、丁哪一個？" step="10" options="甲,images/frog.jpg;乙,images/2.jpg;丙,images/3.jpg;丁,images/gsyan.jpg" answer="4" />
	<item text="右圖的性別和甲、乙、丙、丁哪一個相同？,images/girl.swf" step="5" options="甲,images/gsyan.jpg;乙,images/2.jpg;丙,images/3.jpg;丁,images/1.jpg" answer="2" />	
</special>

<sound title="特別題:聽音題">
	<item text="聽聽看，這是什麼動物的叫聲？,,sound/frog.mp3" step="3" options="熊,青蛙,河馬,長頸鹿" answer="2" />
	<item text="聽聽看，甲、乙、丙、丁哪一個是牛的叫聲？" step="5" options="甲,,sound/frog.mp3;乙,,sound/cat.mp3;丙,,sound/cow.mp3;丁,,sound/dog.mp3" answer="3" />
	<item text="聽聽看，甲、乙、丙、丁哪一個是圖片中動物的叫聲？,images/frog.jpg" step="5" options="甲,,sound/horse.mp3;乙,,sound/frog.mp3;丙,,sound/cow.mp3;丁,,sound/dog.mp3" answer="2" />			
</sound>

<start title="環遊世界一周">
	<item text="恭喜環遊世界一周，前進６格" step="6" />
	<item text="送您回國禮，前進４格" step="4" />
	<item text="慶祝週年慶，前進２格" step="2" />	
</start>

<fate title="命運">
	<item text="拾金不昧，前進１格" step="1" />
	<item text="掉到水溝，後退１格" step="-1" />
	<item text="坐公車讓座，前進３格" step="3" />
	<item text="努力認真，前進１格" step="1" />
	<item text="熱心服務，前進３格" step="3" />
</fate>

</root>